,eigenvalue_modulus,stable
0,0.9904775477983073,True
1,0.9904775477983073,True
2,0.026647334750780505,True
3,0.218490122738421,True
4,0.27347329255484,True
5,0.27347329255484,True
