,eigenvalue_modulus,stable
0,0.9910387709181674,True
1,0.9910387709181674,True
2,0.8469459454845945,True
3,0.21933634106170685,True
4,0.038299267674415556,True
5,0.06727706298600505,True
