,eigenvalue_modulus,stable
0,0.7574705205922929,True
1,0.40706647294734666,True
2,0.06752775895276691,True
3,0.06752775895276691,True
4,0.2787836999459024,True
5,0.2787836999459024,True
